referenceNumber,larsCode,title,level,route,typicalDuration,maxFunding,status
"ST1312","749","Legal technician - conveyancing technician or probate technician","4","Legal, finance and accounting","24","10000","Approved for delivery"
"ST0641","578","Tool process design engineer","6","Engineering and manufacturing","48","22000","Approved for delivery"
"ST0830","580","Health and care intelligence specialist","7","Health and science","36","17000","Approved for delivery"
"ST0933","649","Post production engineer","5","Creative and design","24","14000","Approved for delivery"
"ST0129","91","Software tester","4","Digital","24","18000","Approved for delivery"
"ST0061","193","Building services engineering service and maintenance engineer","3","Construction and the built environment","48","18000","Approved for delivery"
"ST0594","412","Funeral team member","2","Sales, marketing and procurement","12","4000","Approved for delivery"
"ST0217","151","Senior healthcare support worker","3","Health and science","24","9000","Approved for delivery"
"ST1318","723","Junior grip","2","Creative and design","24","15000","Approved for delivery"
"ST1386","746","Data engineer","5","Digital","24","19000","Approved for delivery"
"ST0860","722","Infrastructure asset management professional","7","Engineering and manufacturing","24","20000","Approved for delivery"
"ST1381","759","Advanced robotics engineer","7","Engineering and manufacturing","36","27000","Approved for delivery"
"ST0572","369","Sales executive","4","Sales, marketing and procurement","18","6000","Approved for delivery"
"ST0770","616","Sports coach","4","Health and science","18","9000","Approved for delivery"
"ST0607","399","Metal fabricator","3","Engineering and manufacturing","42","27000","Approved for delivery"
"ST0910","596","Knitted product manufacturing technician","3","Engineering and manufacturing","24","11000","Approved for delivery"
"ST1308","788","Heat network maintenance technician","3","Engineering and manufacturing","36","26000","Approved for delivery"
"ST1442","751","Publishing professional","4","Creative and design","24","10000","Approved for delivery"
"ST0202","289","Footwear manufacturer","2","Engineering and manufacturing","15","8000","Approved for delivery"
"ST0624","454","Food and drink engineer","5","Engineering and manufacturing","36","18000","Approved for delivery"
"ST0177","8","Financial services administrator","3","Legal, finance and accounting","12","10000","Approved for delivery"
"ST0855","594","Space engineering technician","4","Engineering and manufacturing","48","19000","Approved for delivery"
"ST0743","513","Fenestration installer","2","Construction and the built environment","18","9000","Approved for delivery"
"ST0842","666","Officer of the watch (near coastal)","3","Transport and logistics","36","15000","Approved for delivery"
"ST0515","417","Manufacturing manager (integrated degree)","6","Engineering and manufacturing","42","24000","Approved for delivery"
"ST0795","576","Data technician","3","Digital","24","13000","Approved for delivery"
"ST0328","183","Bespoke saddler","3","Creative and design","24","15000","Approved for delivery"
"ST0505","413","IT solutions technician","3","Digital","18","15000","Approved for delivery"
"ST0187","32","Pensions administrator","3","Legal, finance and accounting","18","9000","Approved for delivery"
"ST0491","244","Geospatial survey technician","3","Construction and the built environment","24","13000","Approved for delivery"
"ST0644","373","Advertising and media executive","3","Sales, marketing and procurement","18","11000","Approved for delivery"
"ST0215","102","Assistant practitioner (health)","5","Health and science","24","14000","Approved for delivery"
"ST0748","564","Sustainability business specialist (integrated degree)","7","Business and administration","24","11000","Approved for delivery"
"ST0919","765","Craft technician","3","Creative and design","18","14000","Approved for delivery"
"ST1305","691","Machining technician","3","Engineering and manufacturing","42","27000","Approved for delivery"
"ST0862","758","Domestic and sexual abuse support worker","4","Care services","18","8000","Approved for delivery"
"ST0151","107","Embedded electronic systems design and development engineer (degree)","6","Engineering and manufacturing","36","27000","Approved for delivery"
"ST0339","206","Passenger transport operative","2","Transport and logistics","12","6000","Approved for delivery"
"ST0251","549","Stairlift, platform lift, service lift electromechanic","2","Engineering and manufacturing","24","11000","Approved for delivery"
"ST0843","532","Cleaning hygiene operative","2","Health and science","12","5000","Approved for delivery"
"ST0127","1","Network engineer","4","Digital","24","19000","Approved for delivery"
"ST1407","744","Process industry manufacturing technician","3","Engineering and manufacturing","36","24000","Approved for delivery"
"ST0944","628","Assistant recording technician","4","Creative and design","24","10000","Approved for delivery"
"ST0666","639","Education technician (he assistant technician and simulation-based technician)","3","Education and early years","24","10000","Approved for delivery"
"ST0524","446","Sporting excellence professional","3","Health and science","18","10000","Approved for delivery"
"ST0750","623","Mastic asphalter","2","Construction and the built environment","34","12000","Approved for delivery"
"ST0824","607","Signage technician","3","Engineering and manufacturing","24","10000","Approved for delivery"
"ST1512","828","Artificial intelligence (AI) and automation practitioner","4","Digital","18","18000","Approved for delivery"
"ST0171","23","Property maintenance operative","2","Construction and the built environment","24","14000","Approved for delivery"
"ST1480","825","Insulation installation operative","2","Construction and the built environment","24","15000","Approved for delivery"
"ST1368","713","Chartered legal executive litigator and advocate","7","Legal, finance and accounting","66","27000","Approved for delivery"
"ST0883","632","Market research executive","4","Sales, marketing and procurement","18","8000","Approved for delivery"
"ST1476","826","Advanced paralegal","5","Legal, finance and accounting","24","18000","Approved for delivery"
"ST1340","739","Advertising creative","6","Creative and design","24","17000","Approved for delivery"
"ST0597","319","Technician scientist","5","Health and science","36","21000","Approved for delivery"
"ST0185","31","Financial services customer adviser","3","Legal, finance and accounting","18","11000","Approved for delivery"
"ST0049","468","Construction quantity surveying technician","4","Construction and the built environment","36","9000","Approved for delivery"
"ST0154","146","Maintenance and operations engineering technician","3","Engineering and manufacturing","36","26000","Approved for delivery"
"ST0201","209","Supply chain practitioner (fast-moving consumer goods (FMCG))","3","Transport and logistics","30","15000","Approved for delivery"
"ST0442","637","Stonemason","2","Construction and the built environment","24","11000","Approved for delivery"
"ST1326","775","Mechatronics maintenance technician","3","Engineering and manufacturing","42","27000","Approved for delivery"
"ST0372","198","Building services engineer","6","Construction and the built environment","60","27000","Approved for delivery"
"ST0019","114","Aircraft certifying technician","4","Engineering and manufacturing","45","27000","Approved for delivery"
"ST0067","134","Bus and coach engineering technician","3","Engineering and manufacturing","36","16000","Approved for delivery"
"ST0221","429","Archaeological technician","3","Creative and design","12","9000","Approved for delivery"
"ST0869","613","Payroll assistant manager","5","Legal, finance and accounting","24","11000","Approved for delivery"
"ST0832","557","Telecoms field operative","2","Construction and the built environment","15","7000","Approved for delivery"
"ST0409","355","Cyber security technical professional (integrated degree)","6","Digital","48","24000","Approved for delivery"
"ST0759","457","Research scientist","7","Health and science","30","18000","Approved for delivery"
"ST0520","205","Senior insurance professional","6","Legal, finance and accounting","36","21000","Approved for delivery"
"ST0051","125","Highway electrical maintenance and installation operative","2","Construction and the built environment","24","9000","Approved for delivery"
"ST0230","138","Hospitality supervisor","3","Catering and hospitality","12","4000","Approved for delivery"
"ST0239","191","HR support","3","Business and administration","18","4500","Approved for delivery"
"ST0241","63","Insurance professional","4","Legal, finance and accounting","24","9000","Approved for delivery"
"ST0332","51","Surveying technician","3","Construction and the built environment","24","9000","Approved for delivery"
"ST1404","818","Water industry asset maintenance technician","3","Engineering and manufacturing","48","27000","Approved for delivery"
"ST0358","132","Non-destructive testing (NDT) operator","2","Engineering and manufacturing","18","12000","Approved for delivery"
"ST0157","127","Electrical power protection and plant commissioning engineer","4","Engineering and manufacturing","36","27000","Approved for delivery"
"ST0039","123","Aviation operations manager","4","Transport and logistics","18","7000","Approved for delivery"
"ST0176","77","Credit controller and collector","2","Legal, finance and accounting","12","5000","Approved for delivery"
"ST0672","614","Electro-mechanical engineer","6","Engineering and manufacturing","60","27000","Approved for delivery"
"ST0359","273","Scaffolder","2","Construction and the built environment","18","11000","Approved for delivery"
"ST0191","177","Baker","2","Catering and hospitality","18","9000","Approved for delivery"
"ST0072","122","Customer service practitioner","2","Sales, marketing and procurement","12","3500","Approved for delivery"
"ST0038","86","Aviation ground specialist","3","Transport and logistics","18","6000","Approved for delivery"
"ST0052","124","Highways electrician or service operative","3","Construction and the built environment","24","12000","Approved for delivery"
"ST0531","472","Wood product manufacturing operative","2","Engineering and manufacturing","24","8000","Approved for delivery"
"ST0831","566","Historic environment advisor","7","Creative and design","36","15000","Approved for delivery"
"ST0257","110","Large goods vehicle (LGV) driver C + E","2","Transport and logistics","13","8000","Approved for delivery"
"ST0314","36","Public service operational delivery officer","3","Business and administration","12","2500","Approved for delivery"
"ST0232","139","Senior production chef","3","Catering and hospitality","12","4500","Approved for delivery"
"ST0037","87","Aviation ground operative","2","Transport and logistics","12","3000","Approved for delivery"
"ST0340","120","Travel consultant","3","Sales, marketing and procurement","12","7000","Approved for delivery"
"ST0289","47","Nuclear scientist and nuclear engineer (integrated degree)","6","Engineering and manufacturing","36","27000","Approved for delivery"
"ST0227","169","Chef de partie","3","Catering and hospitality","18","10000","Approved for delivery"
"ST0456","166","Post graduate engineer","7","Engineering and manufacturing","30","27000","Approved for delivery"
"ST0163","186","Project controls technician","3","Engineering and manufacturing","36","21000","Approved for delivery"
"ST0070","196","Business administrator","3","Business and administration","18","5000","Approved for delivery"
"ST0181","33","Investment operations technician","3","Legal, finance and accounting","18","9000","Approved for delivery"
"ST1310","789","Family and systemic psychotherapist","7","Health and science","24","16000","Approved for delivery"
"ST0006","118","Lead adult care worker","3","Care services","18","4000","Approved for delivery"
"ST0218","99","Healthcare science assistant","2","Health and science","14","8000","Approved for delivery"
"ST0220","150","Healthcare science associate","4","Health and science","24","16000","Approved for delivery"
"ST0096","529","Plasterer","2","Construction and the built environment","24","13000","Approved for delivery"
"ST1292","686","Water industry network technician","3","Engineering and manufacturing","30","15000","Approved for delivery"
"ST0068","135","Heavy vehicle service and maintenance technician","3","Engineering and manufacturing","36","20000","Approved for delivery"
"ST0454","297","Teaching assistant","3","Education and early years","18","7000","Approved for delivery"
"ST0382","197","Organ builder","3","Creative and design","36","27000","Approved for delivery"
"ST0204","58","Gas network operative","2","Engineering and manufacturing","24","13000","Approved for delivery"
"ST0581","519","Textile technical specialist","4","Engineering and manufacturing","24","9000","Approved for delivery"
"ST0888","550","Early years practitioner","2","Education and early years","12","5000","Approved for delivery"
"ST0420","493","Lean manufacturing operative","2","Engineering and manufacturing","12","6000","Approved for delivery"
"ST0621","522","Boatmaster","3","Transport and logistics","24","25000","Approved for delivery"
"ST0934","622","Corporate responsibility and sustainability practitioner","4","Business and administration","36","14000","Approved for delivery"
"ST1327","715","Mobile transport refrigeration technician","3","Engineering and manufacturing","36","16000","Approved for delivery"
"ST1331","741","Power industry substation fitter","3","Engineering and manufacturing","30","27000","Approved for delivery"
"ST0523","410","First officer pilot","6","Transport and logistics","24","27000","Approved for delivery"
"ST0802","539","Curtain wall installer","3","Construction and the built environment","30","14000","Approved for delivery"
"ST1332","742","Power industry distribution cable jointer","3","Engineering and manufacturing","30","27000","Approved for delivery"
"ST0001","204","Accountancy or taxation professional","7","Legal, finance and accounting","36","21000","Approved for delivery"
"ST1339","787","Bulk storage terminal technician","3","Engineering and manufacturing","30","22000","Approved for delivery"
"ST0596","349","Marketing executive","4","Sales, marketing and procurement","15","6000","Approved for delivery"
"ST0044","511","Design and construction management (degree)","6","Construction and the built environment","48","18000","Approved for delivery"
"ST0482","327","Digital and technology solutions specialist (integrated degree)","7","Digital","18","21000","Approved for delivery"
"ST0103","338","Express delivery operative","2","Transport and logistics","12","4000","Approved for delivery"
"ST0337","214","Passenger transport operations manager","4","Transport and logistics","18","12000","Approved for delivery"
"ST0496","313","Rail and rail systems senior engineer (integrated degree)","6","Engineering and manufacturing","36","24000","Approved for delivery"
"ST0981","784","Mattress manufacturing operative","2","Engineering and manufacturing","15","9000","Approved for delivery"
"ST0547","384","Retail leadership (integrated degree)","6","Sales, marketing and procurement","48","22000","Approved for delivery"
"ST0752","456","Drinks dispense technician","3","Engineering and manufacturing","18","8000","Approved for delivery"
"ST0423","311","Business to business sales professional (integrated degree)","6","Sales, marketing and procurement","36","21000","Approved for delivery"
"ST0603","323","Professional economist (integrated degree)","6","Legal, finance and accounting","42","23000","Approved for delivery"
"ST0471","517","Express delivery manager (degree)","6","Transport and logistics","36","22000","Approved for delivery"
"ST0427","292","Marine pilot","5","Transport and logistics","30","18000","Approved for delivery"
"ST0410","258","Senior and head of facilities management (integrated degree)","6","Construction and the built environment","42","18000","Approved for delivery"
"ST0475","216","Electrical power networks engineer","4","Engineering and manufacturing","30","27000","Approved for delivery"
"ST0562","326","Learning and development practitioner","3","Business and administration","18","6000","Approved for delivery"
"ST0268","312","Piling attendant","2","Construction and the built environment","18","15000","Approved for delivery"
"ST0046","259","Civil engineering senior technician","4","Construction and the built environment","36","11000","Approved for delivery"
"ST0428","265","Port marine operations officer","4","Transport and logistics","24","12000","Approved for delivery"
"ST0492","254","Geospatial mapping and science specialist (degree)","6","Construction and the built environment","60","27000","Approved for delivery"
"ST0047","501","Construction site management (degree)","6","Construction and the built environment","36","18000","Approved for delivery"
"ST0529","245","Food and drink advanced engineer (integrated degree)","6","Engineering and manufacturing","60","24000","Approved for delivery"
"ST0150","212","Electrical, electronic product service and installation engineer","3","Engineering and manufacturing","36","9000","Approved for delivery"
"ST0045","482","Construction quantity surveyor (degree)","6","Construction and the built environment","36","18000","Approved for delivery"
"ST0568","425","Psychological wellbeing practitioner","6","Health and science","12","9000","Approved for delivery"
"ST0368","380","Wall and floor tiler","2","Construction and the built environment","30","14000","Approved for delivery"
"ST0362","143","Compliance and risk officer","3","Legal, finance and accounting","15","11000","Approved for delivery"
"ST0477","272","Academic professional","7","Education and early years","18","9000","Approved for delivery"
"ST0535","444","Clinical coder","3","Health and science","18","5000","Approved for delivery"
"ST1484","830","Internal audit technician","4","Legal, finance and accounting","18","10000","Approved for delivery"
"ST0556","405","Improvement leader","6","Business and administration","18","15000","Approved for delivery"
"ST0497","301","Rail and rail systems principal engineer (integrated degree)","7","Engineering and manufacturing","48","24000","Approved for delivery"
"ST0334","261","Trade supplier","2","Sales, marketing and procurement","12","4000","Approved for delivery"
"ST0087","308","Children, young people and families manager","5","Care services","24","6000","Approved for delivery"
"ST0571","341","Heritage engineering technician","3","Engineering and manufacturing","42","26000","Approved for delivery"
"ST0400","322","Small commercial vessel crewmember","3","Transport and logistics","24","22000","Approved for delivery"
"ST0053","336","Highways maintenance skilled operative","2","Construction and the built environment","18","9000","Approved for delivery"
"ST0536","424","Chartered town planner (degree)","7","Construction and the built environment","60","27000","Approved for delivery"
"ST0558","305","Cabin crew","3","Transport and logistics","12","5000","Approved for delivery"
"ST0229","223","Hospitality manager","4","Catering and hospitality","18","6000","Approved for delivery"
"ST0065","164","Building services engineering installer","2","Construction and the built environment","24","12000","Approved for delivery"
"ST1025","671","Urban driver","2","Transport and logistics","12","8000","Approved for delivery"
"ST0525","528","Creative industries production manager","7","Creative and design","18","8000","Approved for delivery"
"ST0263","240","Craft carpentry and joinery","3","Construction and the built environment","15","13000","Approved for delivery"
"ST0481","293","Digital marketer (integrated degree)","6","Sales, marketing and procurement","36","21000","Approved for delivery"
"ST0376","347","Motorcycle technician (repair and maintenance)","3","Engineering and manufacturing","36","11000","Approved for delivery"
"ST0088","309","Children, young people and families practitioner","4","Care services","24","6000","Approved for delivery"
"ST0375","230","Tunnelling operative","2","Construction and the built environment","12","12000","Approved for delivery"
"ST0590","536","Registrar (creative and cultural)","6","Creative and design","36","16000","Approved for delivery"
"ST0592","394","Marina and boatyard operative","2","Transport and logistics","18","10000","Approved for delivery"
"ST0561","270","Senior investment and commercial banking professional","7","Legal, finance and accounting","18","18000","Approved for delivery"
"ST0472","213","Financial services professional","6","Legal, finance and accounting","42","18000","Approved for delivery"
"ST0588","342","Propulsion technician","4","Engineering and manufacturing","42","21000","Approved for delivery"
"ST0612","348","Marketing manager","6","Sales, marketing and procurement","24","9000","Approved for delivery"
"ST0574","328","Ordnance munitions and explosives (OME) professional (integrated degree)","6","Engineering and manufacturing","60","24000","Approved for delivery"
"ST0461","329","Formworker","2","Construction and the built environment","18","8000","Approved for delivery"
"ST0610","324","Internal audit professional","7","Legal, finance and accounting","36","17000","Approved for delivery"
"ST0301","228","Leisure duty manager","3","Business and administration","18","5000","Approved for delivery"
"ST0548","398","Supply chain leadership professional (integrated degree)","6","Transport and logistics","48","21000","Approved for delivery"
"ST0453","416","Water treatment technician","3","Engineering and manufacturing","24","15000","Approved for delivery"
"ST0528","220","High speed rail and infrastructure technician","4","Engineering and manufacturing","36","21000","Approved for delivery"
"ST0564","252","Advanced clinical practitioner (integrated degree)","7","Health and science","36","12000","Approved for delivery"
"ST0974","709","Digital learning designer","5","Digital","24","16000","Approved for delivery"
"ST0144","175","Material processing plant operator","2","Engineering and manufacturing","18","13000","Approved for delivery"
"ST0411","291","Project manager (integrated degree)","6","Business and administration","48","22000","Approved for delivery"
"ST0627","298","Ambulance support worker (emergency, urgent and non-urgent)","3","Health and science","13","7000","Approved for delivery"
"ST1291","685","Water industry treatment process technician","3","Engineering and manufacturing","36","16000","Approved for delivery"
"ST0194","172","Fishmonger","2","Sales, marketing and procurement","18","13000","Approved for delivery"
"ST0662","474","Automation and controls engineering technician","4","Engineering and manufacturing","48","14000","Approved for delivery"
"ST0649","406","Bioinformatics scientist (degree)","7","Health and science","30","18000","Approved for delivery"
"ST0652","447","Building control surveyor (integrated degree)","6","Construction and the built environment","48","24000","Approved for delivery"
"ST0479","351","Outdoor activity instructor","3","Health and science","12","6000","Approved for delivery"
"ST0982","777","Furniture making operative","2","Engineering and manufacturing","18","11000","Approved for delivery"
"ST0608","488","Accounts or finance assistant","2","Legal, finance and accounting","12","7000","Approved for delivery"
"ST1343","702","Digital forensic technician","4","Digital","24","18000","Approved for delivery"
"ST0388","470","Interior systems installer","2","Construction and the built environment","24","14000","Approved for delivery"
"ST0426","354","Broadcast and media systems engineer (integrated degree)","6","Creative and design","36","24000","Approved for delivery"
"ST0015","116","Survival equipment fitter","3","Engineering and manufacturing","36","27000","Approved for delivery"
"ST0073","286","Payroll administrator","3","Legal, finance and accounting","18","10000","Approved for delivery"
"ST0333","234","Commercial thermal insulation operative","2","Construction and the built environment","18","16000","Approved for delivery"
"ST0043","500","Construction design and build technician","4","Construction and the built environment","36","14000","Approved for delivery"
"ST0645","285","Train driver","3","Transport and logistics","12","21000","Approved for delivery"
"ST0094","160","Composites technician","3","Engineering and manufacturing","36","20000","Approved for delivery"
"ST1385","766","Craft plasterer","3","Construction and the built environment","18","13000","Approved for delivery"
"ST0008","537","Leader in adult care","5","Care services","18","7000","Approved for delivery"
"ST0027","12","Product design and development engineer (degree)","6","Engineering and manufacturing","42","27000","Approved for delivery"
"ST1402","781","Maritime mechanical fitter","3","Engineering and manufacturing","42","27000","Approved for delivery"
"ST1403","782","Maritime electrical fitter","3","Engineering and manufacturing","42","26000","Approved for delivery"
"ST1355","813","Cold forming setter technician","3","Engineering and manufacturing","36","24000","Approved for delivery"
"ST0513","388","Groundworker","2","Construction and the built environment","18","9000","Approved for delivery"
"ST1017","678","Domestic electrician","3","Construction and the built environment","36","19000","Approved for delivery"
"ST1458","812","Professional taxation technician","4","Legal, finance and accounting","24","15000","Approved for delivery"
"ST0647","654","Transport and warehouse operations supervisor","3","Transport and logistics","12","5000","Approved for delivery"
"ST1333","797","Ship’s master – less than 500 gross tonnage near coastal","4","Transport and logistics","48","27000","Approved for delivery"
"ST0107","433","Systems engineer (degree)","7","Engineering and manufacturing","48","21000","Approved for delivery"
"ST1469","817","Collections technician","3","Creative and design","18","13000","Approved for delivery"
"ST0295","290","Painter and decorator","2","Construction and the built environment","24","10000","Approved for delivery"
"ST0912","661","Stained glass craftsperson","4","Creative and design","36","27000","Approved for delivery"
"ST0002","133","Assistant accountant","3","Legal, finance and accounting","15","12000","Approved for delivery"
"ST0504","372","Floorlayer - textile and resilient","2","Construction and the built environment","30","17000","Approved for delivery"
"ST0041","275","Building services engineering senior technician","4","Construction and the built environment","36","13000","Approved for delivery"
"ST0881","652","Geotechnical engineer (integrated degree)","7","Engineering and manufacturing","30","21000","Approved for delivery"
"ST1498","824","Floorlayer wood based","2","Construction and the built environment","30","20000","Approved for delivery"
"ST0265","467","Construction assembly and installation operative","2","Construction and the built environment","18","13000","Approved for delivery"
"ST0783","606","Costume technician - stage and screen","3","Creative and design","15","9000","Approved for delivery"
"ST1328","718","Polymer processing technician","3","Engineering and manufacturing","36","25000","Approved for delivery"
"ST0164","92","Engineering design technician","3","Engineering and manufacturing","42","24000","Approved for delivery"
"ST0502","255","Actuary","7","Legal, finance and accounting","39","18000","Approved for delivery"
"ST0893","609","Clinical scientist","7","Health and science","36","20000","Approved for delivery"
"ST0744","512","Fenestration fabricator","2","Engineering and manufacturing","18","9000","Approved for delivery"
"ST0950","630","Healthcare engineering specialist technician","3","Engineering and manufacturing","48","24000","Approved for delivery"
"ST0820","591","Clinical associate in psychology (CAP) (integrated degree)","7","Health and science","18","16000","Approved for delivery"
"ST1400","783","Costs lawyer","6","Legal, finance and accounting","48","21000","Approved for delivery"
"ST1380","695","Learning and skills assessor","3","Education and early years","12","5000","Approved for delivery"
"ST0695","419","Process leader","4","Engineering and manufacturing","24","11000","Approved for delivery"
"ST1341","720","Social researcher","6","Business and administration","42","24000","Approved for delivery"
"ST0977","776","Furniture finisher","2","Engineering and manufacturing","15","9000","Approved for delivery"
"ST0325","147","Retail manager","4","Sales, marketing and procurement","12","5000","Approved for delivery"
"ST0245","42","Paralegal","3","Legal, finance and accounting","24","11000","Approved for delivery"
"ST1389","791","Barrister","7","Legal, finance and accounting","72","27000","Approved for delivery"
"ST0980","733","Fitted interiors installer","2","Construction and the built environment","18","11000","Approved for delivery"
"ST0811","732","Senior procurement and supply chain professional","6","Sales, marketing and procurement","30","18000","Approved for delivery"
"ST0014","141","Aviation maintenance mechanic","2","Engineering and manufacturing","18","19000","Approved for delivery"
"ST0792","598","Junior production coordinator","4","Creative and design","18","11000","Approved for delivery"
"ST1393","769","Removals operative","2","Transport and logistics","12","5000","Approved for delivery"
"ST0915","761","Scenic automation technician","3","Creative and design","24","17000","Approved for delivery"
"ST1394","768","Traffic operator","2","Transport and logistics","12","6000","Approved for delivery"
"ST0175","148","Senior credit controller and debt collection specialist","3","Legal, finance and accounting","18","13000","Approved for delivery"
"ST0936","633","Town planning assistant","4","Construction and the built environment","24","12000","Approved for delivery"
"ST0307","350","Port operative","2","Transport and logistics","12","8000","Approved for delivery"
"ST0152","5","Installation and maintenance electrician","3","Construction and the built environment","54","23000","Approved for delivery"
"ST0894","704","Service designer","6","Business and administration","24","15000","Approved for delivery"
"ST0303","225","Plumbing and domestic heating technician","3","Construction and the built environment","48","22000","Approved for delivery"
"ST0522","675","Youth worker","6","Care services","36","20000","Approved for delivery"
"ST0821","753","Thatcher","2","Construction and the built environment","24","21000","Approved for delivery"
"ST0829","505","Health play specialist","5","Health and science","24","15000","Approved for delivery"
"ST0892","669","Medical statistician","7","Health and science","30","17000","Approved for delivery"
"ST0537","352","Engineering operative","2","Engineering and manufacturing","12","10000","Approved for delivery"
"ST0631","507","Public health practitioner - integrated degree","6","Health and science","36","20000","Approved for delivery"
"ST0868","634","Early intervention practitioner","4","Care services","18","5000","Approved for delivery"
"ST0622","339","Bicycle mechanic","2","Engineering and manufacturing","18","7000","Approved for delivery"
"ST0118","80","Data analyst","4","Digital","24","15000","Approved for delivery"
"ST0424","460","Broadcast and media systems technical operator","3","Creative and design","22","15000","Approved for delivery"
"ST0004","17","Actuarial technician","4","Legal, finance and accounting","24","15000","Approved for delivery"
"ST0856","699","Space systems engineer","6","Engineering and manufacturing","48","27000","Approved for delivery"
"ST0364","226","Marine engineer","3","Engineering and manufacturing","42","27000","Approved for delivery"
"ST0203","137","Furniture manufacturer","2","Engineering and manufacturing","24","9000","Approved for delivery"
"ST0485","448","Network cable installer","3","Digital","15","11000","Approved for delivery"
"ST1490","","Journalist","6","Creative and design","18","14000","Approved for delivery"
"ST1516","","Junior journalist","5","Creative and design","14","13000","Approved for delivery"
"ST0998","692","Trading standards professional","6","Business and administration","36","22000","Approved for delivery"
"ST1007","727","Aviation flight operations coordinator","3","Transport and logistics","18","8000","Approved for delivery"
"ST0584","411","Funeral director","3","Sales, marketing and procurement","12","4500","Approved for delivery"
"ST0861","624","Asset manager","4","Engineering and manufacturing","18","9000","Approved for delivery"
"ST0867","696","Playworker","2","Care services","18","5000","Approved for delivery"
"ST0898","568","Water network operative","2","Engineering and manufacturing","18","13000","Approved for delivery"
"ST0470","541","Digital user experience (UX) professional (integrated degree)","6","Digital","48","24000","Approved for delivery"
"ST0786","483","Associate continuing healthcare practitioner","5","Health and science","24","10000","Approved for delivery"
"ST0595","490","Air traffic controller","5","Transport and logistics","15","27000","Approved for delivery"
"ST0518","506","Physician associate - integrated degree","7","Health and science","30","17000","Approved for delivery"
"ST0902","648","VFX artist or technical director","6","Creative and design","18","11000","Approved for delivery"
"ST0062","173","Building services engineering craftsperson","3","Construction and the built environment","36","17000","Approved for delivery"
"ST1488","801","Food and beverage team member","2","Catering and hospitality","12","6000","Approved for delivery"
"ST0478","215","Community activator coach","2","Health and science","18","6000","Approved for delivery"
"ST0698","462","Transport planner (integrated degree)","6","Construction and the built environment","60","23000","Approved for delivery"
"ST0259","111","Supply chain warehouse operative","2","Transport and logistics","12","5000","Approved for delivery"
"ST0244","41","Chartered legal executive","6","Legal, finance and accounting","60","27000","Approved for delivery"
"ST0589","364","Production chef","2","Catering and hospitality","12","7000","Approved for delivery"
"ST0458","267","Textile manufacturing operative","2","Engineering and manufacturing","18","7000","Approved for delivery"
"ST1420","804","Hospitality accommodation team member","2","Catering and hospitality","12","6000","Approved for delivery"
"ST1338","743","Battery manufacturing technician","3","Engineering and manufacturing","36","24000","Approved for delivery"
"ST0033","59","Motor vehicle service and maintenance technician - light vehicle","3","Engineering and manufacturing","36","16000","Approved for delivery"
"ST0246","43","Solicitor","7","Legal, finance and accounting","72","27000","Approved for delivery"
"ST0228","93","Commis chef","2","Catering and hospitality","12","9000","Approved for delivery"
"ST1317","697","Robotics engineer - degree","6","Engineering and manufacturing","48","27000","Approved for delivery"
"ST0272","55","Chartered manager (degree)","6","Business and administration","48","22000","Approved for delivery"
"ST0149","402","Learning and skills teacher","5","Education and early years","18","7000","Approved for delivery"
"ST0534","299","Architectural assistant (integrated degree)","6","Construction and the built environment","48","25000","Approved for delivery"
"ST0554","494","Sonographer (integrated degree)","6","Health and science","36","24000","Approved for delivery"
"ST0908","658","Aviation ground handler","2","Transport and logistics","12","3500","Approved for delivery"
"ST1077","796","Early years teacher (EYTS)","6","Education and early years","33","27000","Approved for delivery"
"ST1438","748","Transport scheduler","3","Transport and logistics","18","8000","Approved for delivery"
"ST0949","663","Applications support lead","4","Digital","24","17000","Approved for delivery"
"ST0270","518","Roofer","2","Construction and the built environment","24","11000","Approved for delivery"
"ST0093","251","Community sport and health officer","3","Health and science","16","9000","Approved for delivery"
"ST1391","790","Maritime pipeworker","3","Engineering and manufacturing","42","24000","Approved for delivery"
"ST1433","793","Clinical dental technician","5","Health and science","24","18000","Approved for delivery"
"ST1398","795","Machine learning engineer","6","Digital","24","22000","Approved for delivery"
"ST1362","734","Soil scientist","7","Health and science","24","21000","Approved for delivery"
"ST0895","631","Enhanced clinical practitioner","6","Health and science","18","7000","Approved for delivery"
"ST1383","771","Dental hygienist","6","Health and science","36","27000","Approved for delivery"
"ST1431","779","Dental nurse","3","Health and science","18","8000","Approved for delivery"
"ST1356","731","Geoscientist (integrated degree)","6","Health and science","60","27000","Approved for delivery"
"ST0669","428","Tramway construction operative","2","Construction and the built environment","18","15000","Approved for delivery"
"ST1432","792","Dental technician","5","Health and science","36","22000","Approved for delivery"
"ST1434","794","Orthodontic therapist","4","Health and science","13","18000","Approved for delivery"
"ST0995","680","Doctor (Degree)","7","Health and science","60","27000","Approved for delivery"
"ST0774","747","Dispensing optician","6","Health and science","36","23000","Approved for delivery"
"ST0918","701","Hair, wigs, make-up and prosthetics technician","3","Creative and design","24","14000","Approved for delivery"
"ST0796","531","Senior professional economist (integrated degree)","7","Legal, finance and accounting","24","11000","Approved for delivery"
"ST0327","101","Retailer","2","Sales, marketing and procurement","14","5000","Approved for delivery"
"ST0599","469","Dietitian","6","Health and science","48","24000","Approved for delivery"
"ST0567","318","Paramedic","6","Health and science","36","27000","Approved for delivery"
"ST0601","368","Prosthetist and orthotist","6","Health and science","48","24000","Approved for delivery"
"ST0787","556","Systems thinking practitioner","7","Business and administration","30","18000","Approved for delivery"
"ST0300","471","Pharmacy technician (integrated)","3","Health and science","24","8000","Approved for delivery"
"ST0618","473","Speech and language therapist","6","Health and science","48","26000","Approved for delivery"
"ST0633","432","Arts therapist","7","Health and science","24","19000","Approved for delivery"
"ST0940","684","Audiovisual technician","5","Creative and design","24","18000","Approved for delivery"
"ST1314","719","Biomedical scientist","6","Health and science","36","27000","Approved for delivery"
"ST0619","431","Diagnostic radiographer","6","Health and science","36","24000","Approved for delivery"
"ST0600","421","Hearing aid dispenser","5","Health and science","24","13000","Approved for delivery"
"ST1105","735","Heritage construction specialist","5","Construction and the built environment","24","8000","Approved for delivery"
"ST0252","404","Lift and escalator engineering","3","Engineering and manufacturing","36","25000","Approved for delivery"
"ST0825","548","DevOps engineer","4","Digital","24","17000","Approved for delivery"
"ST0976","799","Wood machinist","2","Engineering and manufacturing","24","14000","Approved for delivery"
"ST0916","700","Scenic artist","3","Creative and design","21","19000","Approved for delivery"
"ST0864","546","Senior culinary chef","4","Catering and hospitality","24","9000","Approved for delivery"
"ST0025","11","Manufacturing engineer (degree)","6","Engineering and manufacturing","42","27000","Approved for delivery"
"ST0805","588","Construction equipment maintenance mechanic","2","Engineering and manufacturing","24","10000","Approved for delivery"
"ST0517","391","Occupational therapist","6","Health and science","48","24000","Approved for delivery"
"ST0582","306","Operating department practitioner","6","Health and science","48","26000","Approved for delivery"
"ST1272","778","Orthoptist","6","Health and science","36","25000","Approved for delivery"
"ST0519","397","Physiotherapist","6","Health and science","48","24000","Approved for delivery"
"ST0632","370","Prosthetic and orthotic technician","3","Health and science","18","6000","Approved for delivery"
"ST0493","281","Podiatrist","6","Health and science","48","24000","Approved for delivery"
"ST0620","445","Therapeutic radiographer","6","Health and science","36","24000","Approved for delivery"
"ST1419","729","Community nurse specialist practitioner (NMC 2022)","7","Health and science","24","14000","Approved for delivery"
"ST0763","561","Artificial intelligence (AI) data specialist","7","Digital","24","17000","Approved for delivery"
"ST0948","603","Midwife (2019 NMC standards) (Integrated degree)","6","Health and science","48","26000","Approved for delivery"
"ST0267","219","Lifting technician","2","Construction and the built environment","18","15000","Approved for delivery"
"ST0827","434","Nursing associate (NMC 2018)","5","Health and science","24","15000","Approved for delivery"
"ST0781","409","Registered nurse degree (NMC 2018)","6","Health and science","48","26000","Approved for delivery"
"ST1418","728","Specialist community public health nurse (NMC 2022)","7","Health and science","18","14000","Approved for delivery"
"ST0510","381","Social worker (integrated degree)","6","Care services","36","24000","Approved for delivery"
"ST0539","264","International freight forwarding specialist","3","Transport and logistics","18","9000","Approved for delivery"
"ST0708","420","Public sector compliance investigator and officer","3","Business and administration","18","4000","Approved for delivery"
"ST0499","283","Autocare technician","2","Engineering and manufacturing","30","13000","Approved for delivery"
"ST0614","638","Fall protection technician","3","Construction and the built environment","12","8000","Approved for delivery"
"ST0957","756","Spatial data specialist","7","Digital","24","18000","Approved for delivery"
"ST0119","25","Digital and technology solutions professional","6","Digital","48","27000","Approved for delivery"
"ST0834","583","Ordnance munitions and explosives specialist (integrated degree)","7","Engineering and manufacturing","36","24000","Approved for delivery"
"ST0784","620","Nuclear reactor desk engineer","6","Engineering and manufacturing","30","27000","Approved for delivery"
"ST0753","674","Express delivery sortation hub operative","2","Transport and logistics","12","4000","Approved for delivery"
"ST1309","687","Mine management","6","Engineering and manufacturing","48","24000","Approved for delivery"
"ST1388","725","Photographer","4","Creative and design","18","8000","Approved for delivery"
"ST0655","509","Advanced furniture CNC technician","3","Engineering and manufacturing","24","11000","Approved for delivery"
"ST0973","618","Information communications technician","3","Digital","18","15000","Approved for delivery"
"ST1330","740","Power industry overhead linesperson","3","Engineering and manufacturing","30","27000","Approved for delivery"
"ST1358","767","Craft painter and decorator","3","Construction and the built environment","18","12000","Approved for delivery"
"ST0448","436","Vehicle damage paint technician","3","Engineering and manufacturing","36","15000","Approved for delivery"
"ST0315","24","Railway engineering design technician","3","Engineering and manufacturing","30","18000","Approved for delivery"
"ST0413","168","Healthcare science practitioner (integrated degree)","6","Health and science","36","27000","Approved for delivery"
"ST0815","569","Trade union official","4","Business and administration","18","5000","Approved for delivery"
"ST0813","615","Senior people professional","7","Business and administration","36","19000","Approved for delivery"
"ST0605","497","Mineral products technician","5","Engineering and manufacturing","36","16000","Approved for delivery"
"ST1030","786","Safeguarding support officer","3","Care services","18","7000","Approved for delivery"
"ST0310","128","Associate project manager","4","Business and administration","18","7000","Approved for delivery"
"ST0851","487","Pipe welder","3","Engineering and manufacturing","48","27000","Approved for delivery"
"ST0963","703","Surface finisher","3","Engineering and manufacturing","42","24000","Approved for delivery"
"ST0945","672","Outdoor learning specialist","5","Health and science","24","13000","Approved for delivery"
"ST0617","440","Facilities services operative","2","Construction and the built environment","12","3000","Approved for delivery"
"ST1302","710","Governance officer","4","Business and administration","18","11000","Approved for delivery"
"ST0135","430","Early years educator","3","Education and early years","18","7000","Approved for delivery"
"ST1409","764","Advanced digital forensic professional","7","Digital","36","27000","Approved for delivery"
"ST1378","688","Rail infrastructure operator","3","Transport and logistics","18","15000","Approved for delivery"
"ST0693","476","Road surfacing operative","2","Construction and the built environment","15","14000","Approved for delivery"
"ST1021","619","Cyber security technologist (2021)","4","Digital","24","18000","Approved for delivery"
"ST0120","439","Digital support technician","3","Digital","15","13000","Approved for delivery"
"ST0274","34","Seafarer (deck rating)","2","Transport and logistics","18","10000","Approved for delivery"
"ST0091","199","Civil engineering technician","3","Construction and the built environment","36","14000","Approved for delivery"
"ST0964","705","Digital product manager","4","Digital","24","18000","Approved for delivery"
"ST0809","555","Coaching professional","5","Business and administration","14","5000","Approved for delivery"
"ST0663","415","Employability practitioner","4","Business and administration","24","6000","Approved for delivery"
"ST0853","602","Quality practitioner","4","Business and administration","14","6000","Approved for delivery"
"ST0291","227","Nuclear operative","2","Engineering and manufacturing","24","15000","Approved for delivery"
"ST0769","484","Archaeological specialist (degree)","7","Creative and design","36","15000","Approved for delivery"
"ST0341","821","Production assistant - screen and audio","3","Creative and design","9","9000","Approved for delivery"
"ST0953","650","Game programmer","7","Digital","24","19000","Approved for delivery"
"ST0694","453","Career development professional","6","Business and administration","24","9000","Approved for delivery"
"ST0791","479","Commercial catering equipment technician","3","Engineering and manufacturing","30","15000","Approved for delivery"
"ST0714","464","Environmental health practitioner (integrated degree)","6","Health and science","48","22000","Approved for delivery"
"ST0105","174","Content creator","3","Creative and design","15","10000","Approved for delivery"
"ST0865","559","Cyber security technician","3","Digital","18","11000","Approved for delivery"
"ST0896","682","Peer worker","3","Health and science","15","5000","Approved for delivery"
"ST0740","499","Through life engineering services specialist (integrated degree)","7","Engineering and manufacturing","24","17000","Approved for delivery"
"ST0460","393","Leather craftsperson","2","Creative and design","15","5000","Approved for delivery"
"ST0384","105","Team leader","3","Business and administration","15","5000","Approved for delivery"
"ST0846","514","Garment maker","3","Creative and design","24","10000","Approved for delivery"
"ST0048","502","Construction site supervisor","4","Construction and the built environment","36","9000","Approved for delivery"
"ST0587","295","Internal audit practitioner","4","Legal, finance and accounting","18","9000","Approved for delivery"
"ST0180","30","Investment operations specialist","4","Legal, finance and accounting","18","9000","Approved for delivery"
"ST0417","200","Civil engineer","6","Construction and the built environment","60","27000","Approved for delivery"
"ST0174","516","Props technician","3","Creative and design","18","6000","Approved for delivery"
"ST0396","407","Cultural learning and participation officer","3","Creative and design","15","8000","Approved for delivery"
"ST0527","510","Church minister (integrated degree)","6","Care services","36","22000","Approved for delivery"
"ST0182","62","Mortgage adviser","3","Legal, finance and accounting","12","9000","Approved for delivery"
"ST0555","375","Improvement specialist","5","Business and administration","14","9000","Approved for delivery"
"ST0887","582","Fundraiser","3","Sales, marketing and procurement","18","8000","Approved for delivery"
"ST0817","562","Compressed air and vacuum technician","3","Engineering and manufacturing","36","14000","Approved for delivery"
"ST0161","68","Energy manager","3","Construction and the built environment","24","10000","Approved for delivery"
"ST1334","711","Craft bricklayer","3","Construction and the built environment","18","10000","Approved for delivery"
"ST0749","441","Historic environment advice assistant","4","Creative and design","24","10000","Approved for delivery"
"ST0656","525","Advanced upholsterer","3","Engineering and manufacturing","24","10000","Approved for delivery"
"ST0960","673","Construction support technician","3","Construction and the built environment","24","11000","Approved for delivery"
"ST0406","450","Vehicle damage assessor","4","Engineering and manufacturing","36","9000","Approved for delivery"
"ST0999","690","Lead engineering maintenance technician","4","Engineering and manufacturing","36","19000","Approved for delivery"
"ST0345","491","Digital community manager","4","Digital","24","13000","Approved for delivery"
"ST0292","35","Nuclear welding inspection technician","4","Engineering and manufacturing","48","27000","Approved for delivery"
"ST0533","300","Architect (integrated degree)","7","Construction and the built environment","48","21000","Approved for delivery"
"ST0288","67","Non-destructive technologies technician","3","Engineering and manufacturing","24","18000","Approved for delivery"
"ST0240","60","Insurance practitioner","3","Legal, finance and accounting","12","8000","Approved for delivery"
"ST1349","736","Lead baker","3","Catering and hospitality","24","9000","Approved for delivery"
"ST1315","762","Aircraft maintenance technician","3","Engineering and manufacturing","36","27000","Approved for delivery"
"ST0095","287","Bricklayer","2","Construction and the built environment","24","13000","Approved for delivery"
"ST0013","38","High integrity software engineer","6","Engineering and manufacturing","48","27000","Approved for delivery"
"ST0447","533","Clock maker","3","Creative and design","24","21000","Approved for delivery"
"ST0385","104","Operations manager","5","Business and administration","24","9000","Approved for delivery"
"ST0625","542","Creative digital design professional (integrated degree)","6","Digital","36","25000","Approved for delivery"
"ST1031","737","Multi-channel marketer","3","Sales, marketing and procurement","18","11000","Approved for delivery"
"ST0476","526","Assistant puppet maker","3","Creative and design","18","13000","Approved for delivery"
"ST1371","770","Model maker","6","Creative and design","36","26000","Approved for delivery"
"ST1348","757","Drainage network operative","2","Engineering and manufacturing","18","9000","Approved for delivery"
"ST0668","485","Assistant buyer and merchandiser","6","Sales, marketing and procurement","24","10000","Approved for delivery"
"ST0798","604","Clinical pharmacology scientist (integrated degree)","7","Health and science","30","18000","Approved for delivery"
"ST0602","320","Revenues and welfare benefits practitioner","4","Business and administration","12","7000","Approved for delivery"
"ST0425","547","Broadcast and media systems technician","5","Creative and design","24","15000","Approved for delivery"
"ST0363","144","Senior compliance and risk specialist","6","Legal, finance and accounting","36","23000","Approved for delivery"
"ST0338","189","Passenger transport driver - bus and coach or tram","2","Transport and logistics","12","8000","Approved for delivery"
"ST0958","659","Community health and wellbeing worker","3","Health and science","12","7000","Approved for delivery"
"ST0872","667","Lifting equipment technician","3","Engineering and manufacturing","24","12000","Approved for delivery"
"ST1395","773","Engineering and manufacturing support technician","3","Engineering and manufacturing","42","27000","Approved for delivery"
"ST0551","655","Early years lead practitioner","5","Education and early years","24","9000","Approved for delivery"
"ST0276","362","Maritime mechanical and electrical mechanic","2","Engineering and manufacturing","18","12000","Approved for delivery"
"ST0671","800","Construction equipment maintenance technician","3","Engineering and manufacturing","36","19000","Approved for delivery"
"ST0007","551","Lead practitioner in adult care","4","Care services","18","7000","Approved for delivery"
"ST0954","653","Aviation movement specialist","3","Transport and logistics","18","7000","Approved for delivery"
"ST0273","83","Junior management consultant","4","Business and administration","24","9000","Approved for delivery"
"ST0316","88","Rail engineering advanced technician","4","Engineering and manufacturing","48","27000","Approved for delivery"
"ST0318","89","Rail engineering technician","3","Engineering and manufacturing","36","24000","Approved for delivery"
"ST0317","90","Rail engineering operative","2","Engineering and manufacturing","12","12000","Approved for delivery"
"ST0115","142","IT technical salesperson","3","Sales, marketing and procurement","12","12000","Approved for delivery"
"ST0077","152","Advanced butcher","3","Sales, marketing and procurement","18","12000","Approved for delivery"
"ST0380","163","Nuclear technician","5","Engineering and manufacturing","36","21000","Approved for delivery"
"ST0266","195","Digital engineering technician","3","Construction and the built environment","36","21000","Approved for delivery"
"ST0890","750","Embalmer","5","Health and science","36","20000","Approved for delivery"
"ST0023","9","Control systems engineer (degree)","6","Engineering and manufacturing","42","27000","Approved for delivery"
"ST0683","458","Buying and merchandising assistant","4","Sales, marketing and procurement","18","6000","Approved for delivery"
"ST0024","10","Electrical and electronic engineer (degree)","6","Engineering and manufacturing","42","27000","Approved for delivery"
"ST0393","149","Dairy technologist","5","Health and science","36","26000","Approved for delivery"
"ST0055","72","Bespoke cutter and tailor","5","Creative and design","24","17000","Approved for delivery"
"ST0383","158","Spectacle technician","3","Engineering and manufacturing","18","8000","Approved for delivery"
"ST0309","461","Print technician","3","Engineering and manufacturing","36","14000","Approved for delivery"
"ST0056","400","Bid and proposal co-ordinator","3","Sales, marketing and procurement","24","8000","Approved for delivery"
"ST0378","534","Blacksmith","3","Creative and design","48","21000","Approved for delivery"
"ST0609","307","Clinical trials specialist (degree)","6","Health and science","60","26000","Approved for delivery"
"ST0092","242","Community energy specialist","4","Business and administration","24","6000","Approved for delivery"
"ST0540","359","Fashion and textiles product technologist","4","Engineering and manufacturing","22","9000","Approved for delivery"
"ST0439","605","Jewellery, silversmithing, and allied trades professional","3","Creative and design","36","16000","Approved for delivery"
"ST0329","310","Junior estate agent","2","Sales, marketing and procurement","12","4000","Approved for delivery"
"ST0507","316","Metal recycling general operative","2","Engineering and manufacturing","12","9000","Approved for delivery"
"ST0511","366","Mineral and construction product sampling and testing operations","2","Engineering and manufacturing","14","9000","Approved for delivery"
"ST0474","210","Motor finance specialist","3","Legal, finance and accounting","24","6000","Approved for delivery"
"ST0541","361","Fashion and textiles pattern cutter","3","Engineering and manufacturing","22","9000","Approved for delivery"
"ST0299","396","Pharmacy services assistant","2","Health and science","12","5000","Approved for delivery"
"ST0373","353","Powered pedestrian door installer and service engineer","2","Construction and the built environment","24","9000","Approved for delivery"
"ST0586","371","Regulatory affairs specialist","7","Health and science","30","21000","Approved for delivery"
"ST0473","248","Science industry process and plant engineer (degree)","6","Engineering and manufacturing","60","24000","Approved for delivery"
"ST0283","317","Senior metrology technician","5","Health and science","36","21000","Approved for delivery"
"ST0369","207","Non-destructive testing engineer (degree)","6","Engineering and manufacturing","48","27000","Approved for delivery"
"ST0198","131","Food industry technologist","3","Health and science","24","18000","Approved for delivery"
"ST0549","334","Sewing machinist","2","Engineering and manufacturing","15","8000","Approved for delivery"
"ST0628","451","Cultural heritage conservator (degree)","7","Creative and design","54","27000","Approved for delivery"
"ST0639","521","Bespoke furniture maker","3","Creative and design","24","10000","Approved for delivery"
"ST0741","565","Landscape technician","3","Construction and the built environment","24","9000","Approved for delivery"
"ST0877","612","Land referencer","4","Construction and the built environment","30","14000","Approved for delivery"
"ST0675","477","Materials science technologist (degree)","6","Engineering and manufacturing","48","24000","Approved for delivery"
"ST0664","395","Library, information and archive services assistant","3","Business and administration","18","6000","Approved for delivery"
"ST0654","498","Fitted furniture design technician","3","Engineering and manufacturing","18","7000","Approved for delivery"
"ST0489","538","Storyboard artist","7","Creative and design","18","15000","Approved for delivery"
"ST0900","573","Camera prep technician","3","Creative and design","24","11000","Approved for delivery"
"ST0873","584","Hygiene specialist","4","Health and science","24","12000","Approved for delivery"
"ST0248","14","Laboratory technician","3","Health and science","24","21000","Approved for delivery"
"ST0336","100","Transport planning technician","3","Construction and the built environment","30","13000","Approved for delivery"
"ST0651","664","Lightning protection operative","2","Construction and the built environment","18","14000","Approved for delivery"
"ST0742","641","Chartered landscape professional","7","Construction and the built environment","60","25000","Approved for delivery"
"ST0906","610","Youth support worker","3","Care services","18","4500","Approved for delivery"
"ST0117","165","Business analyst","4","Digital","18","18000","Approved for delivery"
"ST0116","2","Software developer","4","Digital","24","18000","Approved for delivery"
"ST0845","651","Project controls professional","6","Engineering and manufacturing","48","27000","Approved for delivery"
"ST0907","657","Aviation customer service operative","2","Transport and logistics","12","3500","Approved for delivery"
"ST0196","129","Food and drink technical operator","3","Engineering and manufacturing","30","16000","Approved for delivery"
"ST0199","130","Food and drink process operator","2","Engineering and manufacturing","12","5000","Approved for delivery"
"ST0395","235","Watchmaker","3","Creative and design","24","27000","Approved for delivery"
"ST0063","178","Building services engineering technician 2022","3","Construction and the built environment","32","16000","Approved for delivery"
"ST0889","677","Mortuary technician","3","Health and science","18","13000","Approved for delivery"
"ST0563","325","Learning and development consultant business partner","5","Business and administration","18","7000","Approved for delivery"
"ST0542","422","Oral health practitioner","4","Health and science","14","9000","Approved for delivery"
"ST0575","232","School business professional","4","Business and administration","18","6000","Approved for delivery"
"ST0616","423","Wireless communications rigger","2","Construction and the built environment","18","12000","Approved for delivery"
"ST0962","646","Print operative","2","Engineering and manufacturing","24","8000","Approved for delivery"
"ST0058","179","Animal technologist","3","Health and science","24","10000","Approved for delivery"
"ST0193","238","Improvement technician","3","Business and administration","14","4000","Approved for delivery"
"ST0192","237","Improvement practitioner","4","Business and administration","14","6000","Approved for delivery"
"ST0387","579","Lift truck and powered access engineering technician","3","Engineering and manufacturing","36","16000","Approved for delivery"
"ST0234","65","Housing and property management","3","Sales, marketing and procurement","18","7000","Approved for delivery"
"ST0235","64","Housing and property management assistant","2","Sales, marketing and procurement","12","3000","Approved for delivery"
"ST0236","66","Senior housing and property management","4","Sales, marketing and procurement","18","9000","Approved for delivery"
"ST0465","346","Risk and safety management professional (degree)","7","Engineering and manufacturing","36","19000","Approved for delivery"
"ST0526","231","Policy officer","4","Business and administration","18","6000","Approved for delivery"
"ST1299","714","CNFE - Cellular network field engineer","4","Construction and the built environment","36","27000","Approved for delivery"
"ST0464","524","Smart home technician","3","Construction and the built environment","18","9000","Approved for delivery"
"ST0810","590","Procurement and supply assistant","3","Sales, marketing and procurement","18","6000","Approved for delivery"
"ST0010","37","Aerospace engineer","6","Engineering and manufacturing","48","27000","Approved for delivery"
"ST0841","523","Engineering manufacturing technician","4","Engineering and manufacturing","42","21000","Approved for delivery"
"ST0566","365","Metal casting, foundry and patternmaking technician","3","Engineering and manufacturing","27","24000","Approved for delivery"
"ST0271","171","Steel fixer","2","Construction and the built environment","18","18000","Approved for delivery"
"ST0583","340","Mammography associate","4","Health and science","12","10000","Approved for delivery"
"ST0031","304","Automotive glazing technician","3","Engineering and manufacturing","18","10000","Approved for delivery"
"ST0189","126","Fire emergency and security systems technician","3","Construction and the built environment","36","19000","Approved for delivery"
"ST0682","752","Digital device repair technician","3","Digital","21","11000","Approved for delivery"
"ST0629","544","BEMS (building energy management systems) controls engineer","4","Construction and the built environment","36","15000","Approved for delivery"
"ST0985","724","Lead traffic management operative","2","Construction and the built environment","18","8000","Approved for delivery"
"ST0418","274","Abattoir worker","2","Engineering and manufacturing","16","6000","Approved for delivery"
"ST1325","712","Junior visual effects - VFX artist or assistant technical director - ATD","4","Creative and design","18","10000","Approved for delivery"
"ST0433","376","Engineering construction erector rigger","3","Construction and the built environment","36","18000","Approved for delivery"
"ST0162","202","Engineering construction pipefitter","3","Construction and the built environment","36","21000","Approved for delivery"
"ST0414","315","Military engineering construction technician","3","Construction and the built environment","18","11000","Approved for delivery"
"ST1379","694","Learning and skills mentor","4","Education and early years","12","5000","Approved for delivery"
"ST0109","20","Dental practice manager","4","Business and administration","24","9000","Approved for delivery"
"ST0322","49","Refrigeration air conditioning and heat pump engineering technician","3","Construction and the built environment","36","20000","Approved for delivery"
"ST0884","600","Operational research specialist","7","Business and administration","24","14000","Approved for delivery"
"ST0859","642","Fire safety engineer","6","Construction and the built environment","60","27000","Approved for delivery"
"ST0978","772","Furniture restorer","3","Creative and design","36","13000","Approved for delivery"
"ST0782","554","Curator","7","Creative and design","36","12000","Approved for delivery"
"ST0626","221","Scientist","6","Health and science","60","27000","Approved for delivery"
"ST0313","222","Procurement and supply chain practitioner","4","Sales, marketing and procurement","18","10000","Approved for delivery"
"ST0282","187","Metrology technician","3","Health and science","36","24000","Approved for delivery"
"ST0071","278","Customer service specialist","3","Sales, marketing and procurement","15","4000","Approved for delivery"
"ST0290","46","Nuclear health physics monitor","2","Engineering and manufacturing","24","13000","Approved for delivery"
"ST0269","385","Hire controller (plant, tools and equipment)","2","Construction and the built environment","12","6000","Approved for delivery"
"ST0488","558","Junior animator","4","Creative and design","18","14000","Approved for delivery"
"ST0238","190","People professional","5","Business and administration","22","11000","Approved for delivery"
"ST0431","243","Vision rehabilitation specialist","5","Health and science","24","17000","Approved for delivery"
"ST0757","611","Radio network technician","3","Digital","24","19000","Approved for delivery"
"ST1414","785","Specialist teaching assistant","5","Education and early years","24","12000","Approved for delivery"
"ST0078","54","Butcher","2","Sales, marketing and procurement","18","10000","Approved for delivery"
"ST1377","693","Optical assistant 2022","3","Health and science","18","8000","Approved for delivery"
"ST0287","156","Associate ambulance practitioner","4","Health and science","18","15000","Approved for delivery"
"ST0170","162","Facilities management supervisor","3","Construction and the built environment","18","5000","Approved for delivery"
"ST1297","721","Creative industries production technician","3","Creative and design","24","14000","Approved for delivery"
"ST0155","74","Gas engineering operative","3","Construction and the built environment","18","23000","Approved for delivery"
"ST1313","827","Aerospace engineering technician","3","Engineering and manufacturing","48","27000","Approved for delivery"
"ST0484","266","Facilities manager","4","Construction and the built environment","24","7000","Approved for delivery"
"ST0158","819","Dual fuel smart meter installer","2","Construction and the built environment","8","12000","Approved for delivery"
"ST0349","94","Welder","2","Engineering and manufacturing","18","13000","Approved for delivery"
"ST0311","257","Public relations and communications assistant","4","Sales, marketing and procurement","14","11000","Approved for delivery"
"ST0430","253","Regulatory compliance officer","4","Business and administration","24","9000","Approved for delivery"
"ST0917","754","Scenic construction technician","3","Creative and design","30","23000","Approved for delivery"
"ST0302","321","Personal trainer","3","Health and science","15","4000","Approved for delivery"
"ST0899","592","Material cutter","2","Engineering and manufacturing","12","5000","Approved for delivery"
"ST0059","76","Boatbuilder","3","Engineering and manufacturing","42","27000","Approved for delivery"
"ST0736","575","Construction plant operative","2","Construction and the built environment","15","14000","Approved for delivery"
"ST1462","829","Osteopath","6","Health and science","48","27000","Approved for delivery"
"ST0762","540","Information manager","4","Business and administration","24","7000","Approved for delivery"
"ST1301","802","Paraplanner and financial planner","4","Legal, finance and accounting","24","13000","Approved for delivery"
"ST0469","599","Bookbinder","2","Creative and design","24","10000","Approved for delivery"
"ST0197","184","Food industry technical professional (integrated degree)","6","Health and science","48","27000","Approved for delivery"
"ST0521","233","Industrial thermal insulation technician","3","Construction and the built environment","24","20000","Approved for delivery"
"ST0785","706","Human factors specialist","7","Engineering and manufacturing","36","19000","Approved for delivery"
"ST0580","294","Brewer","4","Engineering and manufacturing","18","13000","Approved for delivery"
"ST0925","574","Junior advertising creative","3","Creative and design","18","11000","Approved for delivery"
"ST0875","679","Small vessel chief engineer","4","Engineering and manufacturing","48","16000","Approved for delivery"
"ST0847","595","Engineer surveyor","4","Engineering and manufacturing","24","12000","Approved for delivery"
"ST0405","435","Vehicle damage mechanical, electrical and trim (MET) technician","3","Engineering and manufacturing","36","15000","Approved for delivery"
"ST0403","437","Vehicle damage panel technician","3","Engineering and manufacturing","36","15000","Approved for delivery"
"ST0696","442","Post production technical operator","4","Creative and design","12","9000","Approved for delivery"
"ST0216","820","Healthcare support worker","2","Health and science","8","5000","Approved for delivery"
"ST1342","774","Steeplejack","2","Construction and the built environment","24","13000","Approved for delivery"
"ST1303","698","Accounting finance manager","6","Legal, finance and accounting","36","27000","Approved for delivery"
"ST0929","760","Pastry chef","3","Catering and hospitality","18","11000","Approved for delivery"
"ST0168","159","Event assistant","3","Sales, marketing and procurement","18","9000","Approved for delivery"
"ST0366","356","Fencing installer","2","Construction and the built environment","18","10000","Approved for delivery"
"ST0966","738","Teacher for the sensory impaired","7","Education and early years","24","14000","Approved for delivery"
"ST0863","643","Digital accessibility specialist","4","Digital","24","16000","Approved for delivery"
"ST0003","117","Professional accounting technician","4","Legal, finance and accounting","18","12000","Approved for delivery"
"ST0205","57","Gas network craftsperson","3","Engineering and manufacturing","48","27000","Approved for delivery"
"ST0808","625","Marine electrician","3","Engineering and manufacturing","42","23000","Approved for delivery"
"ST0331","50","Chartered surveyor (degree)","6","Construction and the built environment","60","27000","Approved for delivery"
"ST0659","426","Materials process engineer (degree)","7","Engineering and manufacturing","24","17000","Approved for delivery"
"ST0833","560","Ordnance munitions explosives technician","4","Engineering and manufacturing","30","9000","Approved for delivery"
"ST0967","676","Data protection and information governance practitioner","4","Business and administration","18","10000","Approved for delivery"
"ST0352","176","Accident repair technician","3","Engineering and manufacturing","33","18000","Approved for delivery"
"ST0852","486","Plate welder","3","Engineering and manufacturing","36","27000","Approved for delivery"
"ST1020","717","Low carbon heating technician","3","Construction and the built environment","36","22000","Approved for delivery"
"ST1426","816","Engineering maintenance technician - single discipline","3","Engineering and manufacturing","42","27000","Approved for delivery"
"ST0637","302","Packaging professional (integrated degree)","6","Engineering and manufacturing","48","27000","Approved for delivery"
"ST0905","635","Play therapist","7","Care services","36","20000","Approved for delivery"
"ST1443","815","Engineering maintenance technician - dual discipline","3","Engineering and manufacturing","48","27000","Approved for delivery"
"ST0904","668","Archivist and records manager","7","Creative and design","36","12000","Approved for delivery"
"ST0457","167","Engineering technician","3","Engineering and manufacturing","42","26000","Approved for delivery"
"ST0876","593","Water process operative","2","Engineering and manufacturing","18","9000","Approved for delivery"
"ST0128","154","Software development technician","3","Digital","18","15000","Approved for delivery"
"ST0390","414","Leisure team member","2","Health and science","18","5000","Approved for delivery"
"ST1421","780","Recruiter","3","Business and administration","18","7000","Approved for delivery"
"ST0585","337","Data scientist (integrated degree)","6","Digital","36","19000","Approved for delivery"
"ST0490","822","Teacher - Postgraduate","6","Education and early years","9","9000","Approved for delivery"
"ST1502","823","Teacher - Undergraduate","6","Education and early years","45","27000","Approved for delivery"
"ST0901","629","VFX supervisor","7","Creative and design","18","21000","Approved for delivery"
"ST0422","249","Science manufacturing process operative","2","Engineering and manufacturing","18","7000","Approved for delivery"
"ST0604","296","Commercial laundry operative","2","Engineering and manufacturing","12","6000","Approved for delivery"
"ST0195","16","Food and drink maintenance engineer","3","Engineering and manufacturing","42","26000","Approved for delivery"
"ST0615","343","Demolition operative","2","Construction and the built environment","24","18000","Approved for delivery"
"ST0264","239","Carpentry and joinery","2","Construction and the built environment","24","13000","Approved for delivery"
"ST1406","755","Science manufacturing technician 2023","3","Engineering and manufacturing","36","22000","Approved for delivery"
"ST0005","119","Adult care worker","2","Care services","12","4000","Approved for delivery"
"ST1311","745","Licensed conveyancer or licensed probate practitioner","6","Legal, finance and accounting","56","18000","Approved for delivery"
"ST0432","377","Engineering fitter","3","Engineering and manufacturing","42","21000","Approved for delivery"
"ST0480","236","Senior leader","7","Business and administration","24","14000","Approved for delivery"